epoch,train_loss,train_acc,val_loss,val_acc
1,0.6618383002281188,0.6114285714285714,0.6251265152295431,0.6966666666666667
2,0.5953911280632019,0.7114285714285714,0.5904044906298319,0.7133333333333334
3,0.5583772264208112,0.735,0.5710497728983561,0.72
4,0.5619824484416417,0.715,0.5501923783620198,0.7233333333333334
5,0.531910673890795,0.7435714285714285,0.5416536998748779,0.7433333333333333
