epoch,train_loss,train_acc,val_loss,val_acc,elapsed_s
1,0.490125,0.771429,0.517864,0.743333,466.9
2,0.447841,0.813571,0.51011,0.753333,533.3
3,0.436627,0.808571,0.488608,0.77,506.7
4,0.402314,0.848571,0.475727,0.773333,466.5
5,0.383895,0.847143,0.467615,0.79,403.9
6,0.355707,0.857857,0.454789,0.796667,381.2
7,0.329209,0.877143,0.434595,0.803333,429.3
